problem_id,solver,fitness_mean,fitness_std,fitness_values,success_rate
mixture_0,HMSSolver,0.022325356503879772,0.025165776803045724,"[0.00104301 0.05621245 0.05203397 0.01494053 0.05235592 0.05201089
 0.00065374 0.00335091 0.00060982 0.05222064 0.00082498 0.00056069
 0.001564   0.00056199 0.05198664 0.00071011 0.05602214 0.05596396
 0.00433644 0.04496757 0.05243325 0.00057635 0.05651558 0.00056878
 0.05201994 0.00056985 0.00059016 0.00062712 0.00056742 0.00236185]",0.0
mixture_0,iLSHADESolver,0.04712607711298379,0.01555403104704144,"[0.05621274 0.05198535 0.05198499 0.05198145 0.05198881 0.00057563
 0.05198492 0.05198531 0.05198666 0.05198615 0.05198762 0.0519867
 0.05199038 0.05198703 0.05198825 0.05198165 0.056212   0.05197969
 0.05198771 0.05198982 0.00056431 0.05198487 0.05198677 0.0005714
 0.05198599 0.0519876  0.05198634 0.05198572 0.05198543 0.05198103]",0.0
mixture_0,GASolver,0.055485879072466784,0.041366003890319955,"[0.00416997 0.0573256  0.00594881 0.0019471  0.05820147 0.00414731
 0.23015552 0.0580269  0.06008928 0.06061675 0.05565026 0.05722889
 0.08490708 0.07416101 0.06006998 0.06331086 0.07137824 0.07269253
 0.06195894 0.05908573 0.07770065 0.00412085 0.05548278 0.00199126
 0.0557231  0.06454871 0.05978478 0.06202448 0.07034473 0.01178278]",0.0
mixture_1,HMSSolver,0.023910394124754795,0.014074967836094023,"[0.00580986 0.03694234 0.03567956 0.00244878 0.00373242 0.03315879
 0.00272964 0.03304049 0.0330407  0.0037376  0.03197588 0.0345516
 0.03553206 0.00248694 0.03239287 0.00379655 0.03233215 0.03544745
 0.00271241 0.00709566 0.03098889 0.03456196 0.03306119 0.03587691
 0.03457964 0.00774337 0.03461829 0.03662446 0.03368384 0.02692951]",0.0
mixture_1,iLSHADESolver,0.03186181991114784,0.005441482620920988,"[0.03303963 0.03238228 0.0330399  0.03303966 0.0330396  0.03303937
 0.03303977 0.03304068 0.03304055 0.03303995 0.00260167 0.0330403
 0.03303957 0.03304043 0.03233213 0.03303967 0.0330405  0.03303993
 0.03303987 0.03233285 0.03233008 0.03304225 0.03303999 0.03303943
 0.03303933 0.03232912 0.03233016 0.03304084 0.03303965 0.03233542]",0.0
mixture_1,GASolver,0.03708726293852584,0.018993887313688944,"[0.04097152 0.04635704 0.03854461 0.04976474 0.0512403  0.00544868
 0.00424381 0.04696056 0.04192258 0.00910787 0.05110868 0.0696719
 0.03662931 0.00359129 0.0476483  0.00808559 0.04628044 0.06056984
 0.00474893 0.0448746  0.04566014 0.05309434 0.04416189 0.04678965
 0.0404342  0.05825157 0.0053713  0.02390618 0.03642305 0.05075496]",0.0
mixture_2,HMSSolver,0.14729979224348433,0.07942917702958309,"[0.30063393 0.16825646 0.16417092 0.09730283 0.09766071 0.03326465
 0.33733406 0.16450628 0.09778843 0.16471913 0.09753518 0.16432832
 0.16379111 0.16370406 0.1720636  0.09772671 0.0039106  0.10745953
 0.18676612 0.09815662 0.09851826 0.30052239 0.16365287 0.14540337
 0.09909678 0.30070093 0.1640628  0.09785255 0.16372221 0.00438237]",0.0
mixture_2,iLSHADESolver,0.09950341826016132,0.011908512093924666,"[0.09729199 0.09728658 0.09729934 0.09728692 0.09729223 0.09728628
 0.09728791 0.09730442 0.09730079 0.09728661 0.09732537 0.0972462
 0.09728737 0.0972925  0.09728983 0.09729347 0.09728835 0.09728844
 0.09728647 0.09728696 0.0973321  0.09728694 0.0973023  0.16363268
 0.0972866  0.09728655 0.09728652 0.09730164 0.09728971 0.09728949]",0.0
mixture_2,GASolver,0.16502211125761326,0.08692192682139739,"[0.10620606 0.10682259 0.05902177 0.33558653 0.11404122 0.10395831
 0.17519566 0.10740096 0.11925013 0.31929936 0.3279136  0.17728663
 0.10918256 0.18053721 0.10099422 0.17319739 0.10494525 0.17865963
 0.18128922 0.10771348 0.10377092 0.4018951  0.10153081 0.10624283
 0.2106601  0.11133055 0.17599937 0.11881003 0.10982761 0.3220942 ]",0.0
mixture_3,HMSSolver,0.03248640801753553,0.048853486367245035,"[0.01297147 0.01319455 0.02244111 0.02940898 0.02936576 0.02993152
 0.29148432 0.02981463 0.02955246 0.0261371  0.03397497 0.0133308
 0.01246177 0.01280202 0.03914825 0.0153991  0.02912482 0.01313318
 0.03025526 0.03124375 0.01285298 0.02447602 0.02985911 0.03590323
 0.03034114 0.02885963 0.01244662 0.01243497 0.01246195 0.02978078]",0.0
mixture_3,iLSHADESolver,0.013279799929172631,0.004553545471195148,"[0.01241876 0.01242086 0.01241735 0.01241829 0.01242307 0.01242256
 0.01241754 0.01241641 0.01241673 0.0124206  0.01242211 0.01242414
 0.0124183  0.01242128 0.01242174 0.01241717 0.01241971 0.03780029
 0.0124176  0.01257194 0.0125921  0.01241688 0.01241727 0.0124173
 0.01242021 0.01243378 0.01241681 0.01242006 0.0125145  0.01241863]",0.0
mixture_3,GASolver,0.07403711543246759,0.042588795661310345,"[0.05592291 0.10810665 0.15630992 0.03304348 0.13353942 0.04484304
 0.04037092 0.05107765 0.03987593 0.08347549 0.04759505 0.05061385
 0.0584183  0.04257434 0.06346979 0.13732461 0.06276022 0.03588956
 0.04155004 0.07004004 0.04148345 0.16671515 0.12586297 0.04402966
 0.17077579 0.04684291 0.04265696 0.03306455 0.11781359 0.07506723]",0.0
mixture_4,HMSSolver,0.05901993998913268,0.0944671188372126,"[0.28166761 0.24371623 0.00525939 0.00560109 0.00460884 0.07522467
 0.01851293 0.29671514 0.0048719  0.03490795 0.00468845 0.00462723
 0.00474188 0.00462414 0.00483805 0.00558824 0.00745456 0.00461928
 0.00670596 0.00462915 0.00496718 0.00668894 0.00583759 0.07908485
 0.0048901  0.03033921 0.15836617 0.0748663  0.30696541 0.07498977]",0.0
mixture_4,iLSHADESolver,0.0447386143504924,0.07113666524046879,"[0.00461522 0.00483291 0.00460641 0.07785056 0.07785643 0.00461811
 0.00460268 0.00460817 0.07488264 0.0046173  0.00460286 0.28164109
 0.00461537 0.00461008 0.00460498 0.00460819 0.00461539 0.07785806
 0.00460489 0.07785152 0.00461318 0.07486401 0.00460307 0.28097733
 0.07784993 0.0046079  0.07486403 0.00462145 0.00460299 0.07785167]",0.0
mixture_4,GASolver,0.24888751454328803,0.11233364349457765,"[0.27055572 0.08469865 0.37557169 0.19658834 0.28449653 0.1062089
 0.34249001 0.08589168 0.09042105 0.32733308 0.32725904 0.29485236
 0.33709836 0.34172928 0.29096236 0.03737089 0.29685073 0.33904037
 0.32310286 0.29366298 0.15631832 0.29538981 0.44283647 0.21411378
 0.09740503 0.39074439 0.34267439 0.06072296 0.29727559 0.12295982]",0.0
mixture_5,HMSSolver,0.010478421856696802,0.016201963732170407,"[0.00958059 0.00306046 0.00301308 0.00302726 0.00309527 0.00309165
 0.00353862 0.00300952 0.00302198 0.00302628 0.00304028 0.00514648
 0.07424918 0.00451748 0.0030386  0.03712204 0.0155939  0.00826341
 0.00300835 0.04550578 0.00413204 0.00433935 0.00351113 0.0030269
 0.01274071 0.03720825 0.00303466 0.00338314 0.00301252 0.00301375]",0.0
mixture_5,iLSHADESolver,0.003007950568847318,8.150389348099288e-06,"[0.00300373 0.00300291 0.00301181 0.00300721 0.00300649 0.00301574
 0.00300964 0.00300453 0.00300717 0.00300627 0.00300969 0.00300745
 0.00300561 0.00300458 0.00300799 0.00300296 0.00300369 0.00300256
 0.00300242 0.00301674 0.00304675 0.00301158 0.00300431 0.00300229
 0.00301042 0.00300527 0.00300441 0.00300944 0.00300232 0.00300253]",0.0
mixture_5,GASolver,0.13069726671079276,0.0704730768352248,"[0.02749938 0.19127085 0.07833695 0.20428107 0.17140831 0.19225693
 0.04576759 0.01457565 0.19787542 0.19774812 0.02750106 0.1270705
 0.05226531 0.19871389 0.05766577 0.1893511  0.17194503 0.19515409
 0.191699   0.19541568 0.16683255 0.18965119 0.17364076 0.18563373
 0.0389562  0.0488626  0.1867165  0.03706939 0.0274209  0.13833248]",0.0
mixture_6,HMSSolver,0.010187566392159264,0.017214446011580238,"[0.02497448 0.0010557  0.04934568 0.03554159 0.00063898 0.00073339
 0.00543488 0.00053848 0.00045994 0.00046486 0.00045974 0.01186625
 0.00046573 0.00046016 0.04852659 0.00774834 0.00046356 0.00378738
 0.00045959 0.04419352 0.00053712 0.00046052 0.05552395 0.00045974
 0.00481032 0.00045974 0.00045981 0.00045981 0.00418242 0.00065474]",0.0
mixture_6,iLSHADESolver,0.00045962104477718815,1.3171042488162133e-07,"[0.0004595  0.00045974 0.0004597  0.00045951 0.00045974 0.00045973
 0.00045973 0.00045945 0.00045955 0.00045973 0.00045968 0.00045974
 0.00045939 0.0004597  0.00045969 0.00045974 0.00045973 0.00045969
 0.00045969 0.00045966 0.00045956 0.00045939 0.00045973 0.00045956
 0.00045944 0.00045925 0.00045974 0.00045954 0.00045973 0.0004596 ]",0.0
mixture_6,GASolver,0.026004984281277635,0.02611126119389842,"[0.0094726  0.00316084 0.00617601 0.0834925  0.05287873 0.00302512
 0.03996126 0.00489674 0.00182982 0.00443185 0.01028785 0.00493252
 0.04351386 0.05474947 0.03910826 0.00254133 0.00327693 0.05051292
 0.07279391 0.04592435 0.0039785  0.05812044 0.0447514  0.00226986
 0.00358826 0.05821061 0.0046587  0.00201972 0.00383712 0.06174806]",0.0
mixture_7,HMSSolver,0.011597929384851158,0.03454418987819344,"[0.10806316 0.00064585 0.00078862 0.03911216 0.00064675 0.00078147
 0.00065787 0.00541549 0.00064619 0.1627275  0.00078844 0.0006481
 0.00331117 0.00079048 0.00064505 0.00894938 0.00079029 0.00378235
 0.00064674 0.00083253 0.00078875 0.00078944 0.00064619 0.00064632
 0.00069796 0.00067747 0.00076952 0.0007845  0.0007884  0.00067973]",0.0
mixture_7,iLSHADESolver,0.0006567822478433879,3.400548682564743e-05,"[0.00064313 0.00064371 0.00064667 0.00064528 0.00064368 0.00064703
 0.00064431 0.00064561 0.00078722 0.00064725 0.00064685 0.00064824
 0.00064664 0.00064743 0.000645   0.00064538 0.00064645 0.00068662
 0.00064637 0.00064535 0.00064709 0.00077404 0.00065809 0.00064491
 0.00064618 0.00064705 0.00064826 0.00064598 0.00064742 0.00064622]",0.0
mixture_7,GASolver,0.0035583759913468045,0.00257270141556738,"[0.00244729 0.00191761 0.00179738 0.0118381  0.00109784 0.00696641
 0.00204105 0.00248398 0.00165351 0.00144154 0.00233483 0.00321545
 0.00246678 0.00252247 0.00184233 0.00278679 0.00186697 0.00348837
 0.00541119 0.00954671 0.00271283 0.00354093 0.00179121 0.00147756
 0.00540846 0.0081003  0.00600575 0.00430504 0.00132399 0.00291861]",0.0
mixture_8,HMSSolver,0.08623261091123717,0.042160230670495354,"[0.0558819  0.11043571 0.11532385 0.09554959 0.06109811 0.10983752
 0.10982903 0.12116692 0.05931603 0.11206482 0.01298534 0.12178011
 0.11031568 0.11714597 0.01724632 0.01127965 0.11058836 0.10917656
 0.12298275 0.12405228 0.01809602 0.12882333 0.03258747 0.12343575
 0.10955323 0.11184801 0.10963935 0.11805319 0.01132642 0.01555905]",0.0
mixture_8,iLSHADESolver,0.10437583453930079,0.025050668104870364,"[0.10981969 0.10914074 0.10917302 0.10923586 0.1091729  0.01122258
 0.11561036 0.11558574 0.11562572 0.10918345 0.11560108 0.10917429
 0.11560399 0.1091694  0.10902727 0.10916697 0.10916895 0.10917355
 0.10914858 0.10917604 0.11559995 0.11559816 0.10917861 0.1156007
 0.10921782 0.10917164 0.10918016 0.10917059 0.10913761 0.01123961]",0.0
mixture_8,GASolver,0.14782963803033555,0.08130841778022554,"[0.1877141  0.0370956  0.1781418  0.08673944 0.20444317 0.04747834
 0.05500784 0.08543962 0.18946565 0.1141612  0.22204126 0.02662735
 0.23681087 0.17909055 0.14758314 0.15518073 0.33600824 0.01672731
 0.23114932 0.20358828 0.21304117 0.22978281 0.04379907 0.06832185
 0.25913002 0.14789402 0.20725733 0.15323499 0.14787518 0.02405889]",0.0
mixture_9,HMSSolver,0.01004903481685282,0.0007709792593419496,"[0.01008938 0.00983229 0.01017646 0.00990662 0.00988667 0.00988808
 0.00976454 0.00988796 0.00988821 0.0098056  0.00994754 0.00988795
 0.00977621 0.00976393 0.00985982 0.00981231 0.00990441 0.00988808
 0.01011042 0.01017828 0.0102645  0.00993993 0.01002327 0.00990369
 0.00976757 0.00978676 0.01413943 0.00982728 0.00979725 0.00976659]",0.0
mixture_9,iLSHADESolver,0.009766691553478717,2.265309054769692e-05,"[0.00976138 0.0097616  0.00976186 0.00976158 0.00976395 0.00976204
 0.00976375 0.00976219 0.0097615  0.00976313 0.00976174 0.0097621
 0.00976242 0.00976186 0.00976164 0.00976647 0.0097637  0.00976202
 0.0097625  0.00976419 0.00988855 0.00976162 0.00976325 0.00976293
 0.00976223 0.00976281 0.00976174 0.00976162 0.00976263 0.00976175]",0.0
mixture_9,GASolver,0.013357586790890769,0.002176257913125851,"[0.01661702 0.01175817 0.01228349 0.01344475 0.01422872 0.02021028
 0.01229923 0.01487376 0.01148272 0.01096769 0.01560158 0.01219136
 0.01356576 0.01021833 0.01218249 0.01661359 0.01127294 0.01105568
 0.01212444 0.0116951  0.01549932 0.01612984 0.01296426 0.01216672
 0.01222024 0.01279184 0.01434356 0.01571548 0.01224579 0.01196343]",0.0
mixture_10,HMSSolver,0.0008630195314036204,0.002532669674260186,"[0.00025796 0.00025846 0.00025063 0.00025529 0.00025983 0.0002584
 0.00025894 0.0004212  0.00025752 0.00025763 0.00025401 0.0002618
 0.00025881 0.00025151 0.01413828 0.00026107 0.00025164 0.00025822
 0.00026043 0.00025253 0.00026242 0.00025777 0.00030864 0.00025826
 0.00025183 0.0002517  0.00025809 0.00025885 0.00120691 0.00339197]",0.0
mixture_10,iLSHADESolver,0.00025226534671813006,2.5901763346477304e-06,"[0.00025055 0.00025152 0.00025721 0.00025166 0.00025732 0.00025108
 0.00025065 0.00025085 0.00025764 0.00025763 0.00025073 0.00025085
 0.00025092 0.00025091 0.0002508  0.00025053 0.00025097 0.00025244
 0.00025073 0.000251   0.00025735 0.00025163 0.0002506  0.00025114
 0.00025068 0.00025073 0.00025087 0.00025078 0.00025102 0.00025717]",0.0
mixture_10,GASolver,0.022617330486373224,0.005072751391007759,"[0.02735888 0.01470535 0.01986006 0.02961812 0.0214879  0.02165484
 0.01956003 0.02610703 0.02386598 0.02471276 0.02455396 0.02716589
 0.03028013 0.02730166 0.02988833 0.02905975 0.0188431  0.01903075
 0.02016628 0.00773804 0.01860272 0.02454127 0.01776674 0.02399878
 0.02731928 0.01688832 0.02425857 0.01942348 0.02528558 0.01747633]",0.0
mixture_11,HMSSolver,0.09797009573097944,0.05476635001025442,"[0.13583434 0.01699566 0.01341681 0.13542162 0.14785087 0.13492567
 0.13718984 0.1345247  0.13487909 0.15221492 0.01492118 0.0157168
 0.14169462 0.06476767 0.01423102 0.1403786  0.01403218 0.0134188
 0.14401736 0.1354115  0.13452028 0.01481321 0.13576871 0.13744945
 0.13566141 0.0682082  0.13481619 0.134635   0.06235796 0.13902922]",0.0
mixture_11,iLSHADESolver,0.13705657748370073,0.003978190403629931,"[0.1344624  0.14352545 0.13446269 0.13439879 0.14353723 0.1344675
 0.14366966 0.13436734 0.13445411 0.14352697 0.13450247 0.13446429
 0.1345656  0.14352607 0.13695863 0.13446352 0.14364191 0.13446245
 0.14352577 0.1344653  0.1344633  0.13446051 0.13447328 0.13447497
 0.13681933 0.13446961 0.14367494 0.13447162 0.13446734 0.13447426]",0.0
mixture_11,GASolver,0.08682151597008697,0.06367452471771133,"[0.16061885 0.16089296 0.02953282 0.02068114 0.02556099 0.15272809
 0.05339873 0.16272886 0.0253313  0.15529898 0.02092327 0.15458131
 0.15218896 0.02376065 0.03609832 0.02459609 0.16023422 0.16826322
 0.02265892 0.06120972 0.15660275 0.04575708 0.02125646 0.02498331
 0.16606254 0.01968256 0.16049467 0.03853238 0.15292368 0.04706264]",0.0
mixture_12,HMSSolver,0.014045263492790666,0.0034561792687457958,"[0.01578568 0.01286633 0.01266937 0.01351816 0.00192808 0.01241786
 0.01282271 0.01390398 0.01243923 0.02058682 0.01787855 0.02082999
 0.01292589 0.01794513 0.01374024 0.01570939 0.01265154 0.0135919
 0.01242612 0.01249509 0.01266617 0.01242264 0.01337891 0.0136544
 0.02085936 0.01280876 0.01738321 0.01254043 0.01278875 0.01372324]",0.0
mixture_12,iLSHADESolver,0.013529652983246349,0.002824877410713474,"[0.01241545 0.01244152 0.02080071 0.01241488 0.01241761 0.0124132
 0.0124127  0.02082641 0.0208029  0.01241375 0.01241292 0.0124137
 0.01241396 0.01242447 0.01244029 0.01241294 0.01241442 0.02049126
 0.01253862 0.01241535 0.01241319 0.01241449 0.01241601 0.01241333
 0.0124135  0.01241542 0.01241757 0.01241862 0.01241455 0.01241586]",0.0
mixture_12,GASolver,0.0283632168007782,0.009569128114235973,"[0.02445731 0.025601   0.02777428 0.02781051 0.0317868  0.02763274
 0.02614399 0.02671497 0.0260378  0.02385968 0.02249351 0.02621776
 0.05555077 0.02663713 0.02455441 0.0230439  0.02575116 0.02133515
 0.02507232 0.0253206  0.03002358 0.06949663 0.02648259 0.02321331
 0.02537311 0.02503342 0.02933767 0.02901481 0.0234325  0.02569309]",0.0
mixture_13,HMSSolver,0.0025147533288354,0.0004460480092940209,"[0.00253375 0.00233423 0.00227403 0.0022827  0.00247204 0.00227593
 0.00227211 0.00227511 0.00233179 0.00225346 0.00225247 0.00407034
 0.00235784 0.00180088 0.00279345 0.00225994 0.00225497 0.00357442
 0.00224754 0.00234043 0.00321787 0.00293315 0.00228322 0.00294372
 0.00225792 0.00250339 0.00255394 0.00276461 0.0024215  0.00230585]",0.0
mixture_13,iLSHADESolver,0.002251748506059596,1.3816575360920438e-05,"[0.00227177 0.00228566 0.00227179 0.00224356 0.00227188 0.00224257
 0.002272   0.00224335 0.00224247 0.00224448 0.00224395 0.00224267
 0.00224303 0.00224335 0.00224212 0.00224744 0.00227212 0.00227621
 0.00224422 0.00224685 0.00224299 0.00224363 0.00224321 0.0022445
 0.0022426  0.00224208 0.00224462 0.00227253 0.00224252 0.00224226]",0.0
mixture_13,GASolver,0.004473775783060932,0.0014040655449900031,"[0.01001728 0.00383251 0.00667392 0.00391803 0.00449055 0.00366492
 0.00499127 0.00494407 0.00640273 0.00450775 0.00390621 0.00370716
 0.00330687 0.00526368 0.00337947 0.00314548 0.00371899 0.00519135
 0.00440715 0.00471965 0.00398742 0.00377179 0.00329097 0.00369418
 0.00356504 0.00422979 0.00649123 0.00303189 0.00458186 0.00338005]",0.0
mixture_14,HMSSolver,0.13350503541741357,0.14474751837677413,"[0.00731782 0.01227572 0.010471   0.33326538 0.00732337 0.21672521
 0.33283716 0.33344576 0.15303455 0.00872536 0.05855551 0.33336183
 0.33303618 0.26306138 0.00869132 0.007803   0.33290159 0.00726595
 0.00710903 0.10282412 0.00719068 0.01183836 0.00734498 0.00921703
 0.33840155 0.00729037 0.00799832 0.33308706 0.33285897 0.0798925 ]",0.0
mixture_14,iLSHADESolver,0.22504218924241517,0.14991549952234715,"[0.33285398 0.33276518 0.33285346 0.33292813 0.3328542  0.33285379
 0.33292976 0.0069391  0.3328553  0.00694431 0.00693519 0.33292867
 0.00923784 0.33285347 0.07518098 0.33282659 0.33282509 0.00694131
 0.00694215 0.00695503 0.33285401 0.00694114 0.3329291  0.33293189
 0.0070534  0.33282281 0.33292836 0.33292887 0.28654261 0.33292996]",0.0
mixture_14,GASolver,0.02313854947769306,0.014118646329863191,"[0.02206365 0.0209227  0.01250466 0.03999335 0.0153262  0.01133695
 0.01497149 0.01932572 0.08346667 0.0184633  0.01176328 0.02883421
 0.0147383  0.01622097 0.04355944 0.02186759 0.01470716 0.01542043
 0.0428141  0.03452384 0.02143464 0.01392217 0.01937841 0.02687906
 0.01850115 0.01483281 0.02204483 0.01752526 0.01977253 0.01704161]",0.0
mixture_15,HMSSolver,0.005536169123772294,0.0029709173147085973,"[0.00887551 0.00231063 0.00126789 0.00895618 0.00627542 0.00173384
 0.00932824 0.00334414 0.00454371 0.00590762 0.00400214 0.00478683
 0.0030561  0.00254683 0.00284621 0.00921604 0.00257965 0.00890903
 0.00491912 0.0012642  0.00968282 0.0059414  0.00615306 0.0090806
 0.00309623 0.00972019 0.00910042 0.0094996  0.00587089 0.00127055]",0.0
mixture_15,iLSHADESolver,0.0025489958390072036,0.002013196382011541,"[0.00228296 0.00247989 0.00125544 0.00126382 0.00125674 0.00126981
 0.00242622 0.00228292 0.00228384 0.00580568 0.00166901 0.00228295
 0.00238551 0.00126995 0.00134113 0.00884547 0.00126324 0.00126644
 0.00231307 0.00228481 0.00125915 0.00228858 0.00580898 0.00125694
 0.00125784 0.00236199 0.00126297 0.00232137 0.00884003 0.00228312]",0.0
mixture_15,GASolver,0.030516239231528828,0.008230863811695823,"[0.01304368 0.04496573 0.02578045 0.02418044 0.04127862 0.02312577
 0.02319133 0.0209668  0.03684787 0.04039093 0.02421335 0.02464052
 0.03084945 0.03703863 0.0299001  0.04437212 0.03597439 0.05013114
 0.02665373 0.02609021 0.02629716 0.02598085 0.02489653 0.02507411
 0.03269466 0.02871865 0.03286107 0.03945496 0.03231364 0.02356031]",0.0
mixture_16,HMSSolver,0.014286688093590866,0.00603135270145882,"[0.01164182 0.01158572 0.01477374 0.01274201 0.01641013 0.01161793
 0.0124603  0.01159182 0.0125265  0.01248976 0.02056904 0.0124875
 0.01275128 0.0129295  0.01246282 0.0126229  0.01500229 0.01217599
 0.01242895 0.01157009 0.01259876 0.01255137 0.01378429 0.04281033
 0.01164603 0.01242038 0.01129481 0.0254101  0.01165156 0.01159293]",0.0
mixture_16,iLSHADESolver,0.012398513026448559,0.00015125830885783718,"[0.01242552 0.01242683 0.01242738 0.01242111 0.01242144 0.01242394
 0.01242689 0.01158486 0.01243357 0.01242224 0.01242641 0.01243399
 0.01242709 0.01242254 0.0124368  0.01242263 0.01242284 0.01242204
 0.01242124 0.01242169 0.01243801 0.01242914 0.0124228  0.0124234
 0.01242454 0.0124206  0.01242087 0.01242961 0.01242031 0.01245506]",0.0
mixture_16,GASolver,0.023403375845898054,0.0060553981393949505,"[0.02526088 0.01963476 0.02036011 0.02100982 0.03723597 0.01891964
 0.01643848 0.01902231 0.02086505 0.02196844 0.02508344 0.02589193
 0.01920404 0.02662161 0.01630284 0.02103016 0.02221201 0.03127329
 0.02077743 0.02396028 0.03960057 0.01607876 0.03542592 0.02379468
 0.01672001 0.01720157 0.02331733 0.02904972 0.01945478 0.02838542]",0.0
mixture_17,HMSSolver,0.0018607629981886413,0.00023047356756529647,"[0.0017524  0.0017601  0.00173772 0.00178932 0.00184087 0.00191217
 0.00246109 0.00190328 0.00175043 0.00183848 0.00276879 0.00192143
 0.00228009 0.00179717 0.00175304 0.00174054 0.00179983 0.00179603
 0.00174115 0.00183607 0.00190196 0.00174028 0.0017437  0.00179452
 0.00174511 0.00174379 0.00173553 0.00174507 0.00174761 0.00174531]",0.0
mixture_17,iLSHADESolver,0.001733985550255166,3.386348543713476e-06,"[0.00173754 0.0017314  0.00173698 0.0017321  0.00173539 0.00172967
 0.00173321 0.00173022 0.0017296  0.00173307 0.00173521 0.00173764
 0.00173008 0.00173146 0.00173777 0.00173077 0.00173449 0.00173673
 0.00173076 0.00173086 0.00173142 0.00173868 0.00173709 0.00173203
 0.00173023 0.00173766 0.00174041 0.00173944 0.00173752 0.00173016]",0.0
mixture_17,GASolver,0.033568565569033856,0.02254616255515481,"[0.07477395 0.04892177 0.04750382 0.01791534 0.02509609 0.05657461
 0.01705085 0.01345019 0.04215741 0.00525292 0.05070897 0.01464399
 0.03180165 0.0359105  0.034118   0.05569089 0.00982572 0.01936074
 0.01238962 0.08429688 0.0397799  0.06646638 0.00891744 0.01202523
 0.01467112 0.00484184 0.06372599 0.06444542 0.01401456 0.02072515]",0.0
mixture_18,HMSSolver,0.00429310444377511,0.005490178079810751,"[2.76050798e-05 1.21142961e-03 1.20961160e-03 0.00000000e+00
 1.29990366e-02 0.00000000e+00 1.95437120e-05 2.89754363e-05
 0.00000000e+00 1.33778566e-02 8.21459742e-05 1.14993789e-02
 1.87337262e-03 1.30239064e-02 1.69473117e-03 0.00000000e+00
 0.00000000e+00 2.24459413e-03 0.00000000e+00 1.31035808e-02
 1.21943015e-03 4.27903420e-04 0.00000000e+00 0.00000000e+00
 1.29938935e-02 6.01296283e-03 8.22627324e-03 1.23325002e-03
 1.29896605e-02 1.32939910e-02]",0.26666666666666666
mixture_18,iLSHADESolver,0.0008671982763384817,0.0026015948333058736,"[0.         0.00867181 0.         0.         0.         0.
 0.         0.         0.         0.         0.         0.
 0.         0.         0.         0.00867151 0.         0.
 0.         0.         0.         0.         0.00867263 0.
 0.         0.         0.         0.         0.         0.        ]",0.9
mixture_18,GASolver,0.007921238499394476,0.007022085946037701,"[0.01874396 0.00755835 0.01445802 0.01957478 0.00412659 0.01738817
 0.00206245 0.00641455 0.01590601 0.00275118 0.00164873 0.00251492
 0.00523612 0.00159244 0.00336361 0.00203596 0.00224983 0.00192829
 0.02636956 0.0019225  0.00237697 0.01466435 0.01377989 0.00145184
 0.01464649 0.01174367 0.00211562 0.00274115 0.00248386 0.01378728]",0.0
mixture_19,HMSSolver,0.013047794847076211,0.0030704879208646703,"[0.01334021 0.01752865 0.01524319 0.01319403 0.0173586  0.01336327
 0.0081174  0.01319974 0.01336399 0.01328526 0.01245992 0.01224073
 0.01222476 0.02265549 0.01805087 0.01334295 0.01226635 0.00942354
 0.01504456 0.01350293 0.01250156 0.01353139 0.01250849 0.00840265
 0.00868211 0.00838986 0.01244438 0.0093018  0.01321918 0.013246  ]",0.0
mixture_19,iLSHADESolver,0.013336517540700362,0.0007560176871467898,"[0.01322753 0.01319319 0.01740685 0.01318899 0.01320043 0.01319836
 0.01319719 0.01319377 0.01320427 0.01320011 0.0131737  0.01320428
 0.0132206  0.01318646 0.01316131 0.0132222  0.01320248 0.01319605
 0.01316834 0.01322289 0.01319621 0.01319252 0.01319242 0.01316643
 0.01319595 0.01322362 0.01317529 0.01319484 0.01319744 0.01319178]",0.0
mixture_19,GASolver,0.02493805112567663,0.01106798620279006,"[0.01592428 0.02114931 0.01771172 0.01734498 0.02004794 0.01963665
 0.01873057 0.01471845 0.01969455 0.01596945 0.01600937 0.01818048
 0.01747775 0.0182288  0.01789371 0.04909335 0.03336681 0.01876659
 0.02672483 0.02124804 0.02476875 0.03136716 0.04855775 0.0303621
 0.01935256 0.01436265 0.051264   0.02259651 0.04384805 0.04374438]",0.0
mixture_20,HMSSolver,0.019289768274031775,0.012188950717422002,"[0.00473094 0.01230273 0.00449646 0.00663444 0.03361587 0.00382096
 0.00957364 0.03297835 0.03498563 0.03503324 0.00273918 0.01282716
 0.00685737 0.03143889 0.03564315 0.00716901 0.03181285 0.02654256
 0.0336169  0.00454045 0.01538943 0.0196358  0.02810584 0.03110062
 0.01241664 0.03499256 0.02967965 0.00240924 0.01619817 0.01740529]",0.0
mixture_20,iLSHADESolver,0.02059558613644909,0.012931095380679285,"[0.00448716 0.00458454 0.03032028 0.03034798 0.00449134 0.03361646
 0.03032893 0.03034392 0.03031984 0.03043901 0.03032164 0.00316799
 0.00942064 0.00506726 0.03361592 0.03032736 0.03361582 0.00450561
 0.03037973 0.03032079 0.03038615 0.00448037 0.03361709 0.00449906
 0.03068505 0.00448212 0.03032962 0.03035595 0.00451448 0.00449545]",0.0
mixture_20,GASolver,0.047554121261775016,0.008230578892935509,"[0.0378936  0.06715142 0.04098988 0.05273614 0.04253308 0.0418459
 0.04658634 0.04013405 0.04688286 0.04227174 0.04160524 0.04276859
 0.04158814 0.05355979 0.04579228 0.0642419  0.04088149 0.04390865
 0.04838013 0.05824436 0.04333563 0.06174166 0.04495723 0.04033139
 0.0419118  0.04349501 0.06717777 0.04361014 0.04693145 0.05313599]",0.0
mixture_21,HMSSolver,0.001704352108712167,0.0013265821720019333,"[0.00175197 0.00138441 0.00124505 0.00164695 0.00138264 0.00137257
 0.00150032 0.0013702  0.00164064 0.00874514 0.00136508 0.00136656
 0.00136833 0.00136576 0.00138847 0.0014108  0.00232994 0.00124396
 0.0016046  0.00146541 0.00141171 0.00168786 0.00124604 0.0012786
 0.00133393 0.00147475 0.00188214 0.00132248 0.00125222 0.00129203]",0.0
mixture_21,iLSHADESolver,0.0012422588838702402,8.238437803935764e-06,"[0.00123943 0.00123899 0.00124171 0.00123838 0.00123984 0.00123967
 0.00124977 0.00124861 0.0012388  0.00123897 0.00123947 0.00124535
 0.00124002 0.00123948 0.00123871 0.00123853 0.00124189 0.00123907
 0.00124337 0.00124096 0.00123864 0.00124094 0.00123937 0.00124041
 0.00124011 0.00123926 0.00128408 0.00124121 0.00123935 0.00124338]",0.0
mixture_21,GASolver,0.010075066141438589,0.004362093532987246,"[0.00477211 0.00511188 0.01246867 0.0047863  0.00529389 0.00601112
 0.01413328 0.00957105 0.00939526 0.01320855 0.00553148 0.02130832
 0.00832692 0.00593356 0.01086961 0.00669794 0.01214758 0.00854325
 0.00759339 0.00673214 0.00901404 0.01136322 0.01770887 0.01058944
 0.00848257 0.01630823 0.01823832 0.01602953 0.0070746  0.00900686]",0.0
mixture_22,HMSSolver,0.006473548087066256,0.004549411615926753,"[0.01096259 0.00178214 0.0017733  0.00924262 0.00183965 0.00941943
 0.01014128 0.01135538 0.00148972 0.00157254 0.01196689 0.00958839
 0.0103433  0.00223044 0.00958594 0.01160095 0.00941933 0.01152381
 0.01233161 0.00158595 0.00178603 0.0013479  0.00167732 0.00177978
 0.00903253 0.00207285 0.00169287 0.00894165 0.00180314 0.01431713]",0.0
mixture_22,iLSHADESolver,0.00875661503868278,0.0028825748169576284,"[0.01015969 0.00943148 0.00939545 0.00909049 0.01013165 0.00133585
 0.00916421 0.01095688 0.00908632 0.01013045 0.00146072 0.0101403
 0.00155429 0.00939636 0.0101351  0.00908854 0.01013006 0.01013435
 0.01013364 0.0016985  0.01095657 0.01013075 0.01013457 0.01013255
 0.00939527 0.01013406 0.01013221 0.01013458 0.00939741 0.00939615]",0.0
mixture_22,GASolver,0.033822587950863195,0.014134922224746738,"[0.02341122 0.07668487 0.02423678 0.03931305 0.01117801 0.04180004
 0.02428435 0.03027101 0.02156199 0.06021919 0.04161918 0.03231941
 0.02708533 0.02248878 0.03197211 0.02119959 0.05349612 0.02536017
 0.02641946 0.04849864 0.03459493 0.01666342 0.01796531 0.03814665
 0.02546961 0.05853561 0.03812601 0.03355931 0.0358627  0.03233481]",0.0
mixture_23,HMSSolver,0.007274038351934627,0.006357533986528164,"[0.01410709 0.00519561 0.00172558 0.01415494 0.00148557 0.00149137
 0.00149152 0.01447531 0.00150201 0.01079512 0.01412952 0.00153417
 0.01510238 0.00156555 0.00162677 0.00153943 0.00152867 0.00150731
 0.01413244 0.0143073  0.01538742 0.00247444 0.01747657 0.01315384
 0.00153275 0.01608544 0.00149386 0.00158927 0.01412552 0.00150436]",0.0
mixture_23,iLSHADESolver,0.013251150999058579,0.003145240124017476,"[0.01407916 0.0140793  0.01407852 0.01406284 0.01406895 0.01408003
 0.00148948 0.01408385 0.01407966 0.01408157 0.01412607 0.01424604
 0.01406244 0.01405972 0.01413372 0.01408831 0.01408012 0.0140705
 0.01406175 0.01407861 0.01406633 0.01406968 0.00147855 0.01407842
 0.01405986 0.01412956 0.01406896 0.01405996 0.01407851 0.01425405]",0.0
mixture_23,GASolver,0.047144399965752884,0.021859278917189657,"[0.01387523 0.07290475 0.06535482 0.02852059 0.05380333 0.01054364
 0.07829401 0.07952497 0.04730521 0.06659069 0.02949318 0.01271219
 0.05360855 0.064415   0.07549347 0.01856242 0.05394902 0.06025509
 0.0470343  0.07744895 0.02803795 0.03679002 0.03682494 0.04586971
 0.01535396 0.07485156 0.06044267 0.02877365 0.0230381  0.05466004]",0.0
mixture_24,HMSSolver,0.0731717135221444,0.02770195616152209,"[0.08485655 0.08503064 0.0044537  0.08913259 0.08486136 0.08493251
 0.08487501 0.04508874 0.08518    0.08485654 0.08458436 0.08570387
 0.08486183 0.00445731 0.08486526 0.08485684 0.08487305 0.08543423
 0.00447865 0.08546298 0.08485725 0.08581156 0.08485687 0.08485667
 0.08488689 0.08501958 0.00658886 0.08496303 0.08485239 0.08561229]",0.0
mixture_24,iLSHADESolver,0.08485481852742387,1.8854484219210556e-06,"[0.08485285 0.08485315 0.08485662 0.08485339 0.08485682 0.0848525
 0.08485673 0.08485668 0.08485657 0.08485605 0.08485685 0.08485277
 0.08485658 0.08485419 0.0848571  0.08485741 0.08485309 0.08485425
 0.08485293 0.08485745 0.08485334 0.08485272 0.08485334 0.08485233
 0.084854   0.08485668 0.08485382 0.08485791 0.08485399 0.08485243]",0.0
mixture_24,GASolver,0.09354687924068035,0.008517524261159235,"[0.08762167 0.08895294 0.09011578 0.08906636 0.12148165 0.09033629
 0.09000556 0.0970435  0.08863482 0.08815787 0.1035305  0.08857147
 0.09063233 0.08722814 0.08770822 0.09314874 0.09021114 0.11844954
 0.08853922 0.08813656 0.08879801 0.0915194  0.10863369 0.09767979
 0.08833587 0.09555065 0.09051495 0.09422892 0.08970142 0.09387137]",0.0
mixture_25,HMSSolver,0.07225362491477223,0.06117145212652089,"[0.0162378  0.14442228 0.01611419 0.13937554 0.03336309 0.15050299
 0.01640884 0.12920163 0.14203998 0.13894526 0.01661567 0.03891739
 0.14423069 0.01629214 0.01637642 0.01620273 0.14303812 0.01638813
 0.01912775 0.14443322 0.01625686 0.01931973 0.14434114 0.01616
 0.01665247 0.14295769 0.01630919 0.14118461 0.1400342  0.01615896]",0.0
mixture_25,iLSHADESolver,0.134822896145617,0.02206294408543386,"[0.13871425 0.13872143 0.13871137 0.13871687 0.13874393 0.13872323
 0.13867998 0.13869124 0.13878403 0.13868667 0.13869099 0.13871315
 0.13873182 0.13872127 0.13871091 0.13871427 0.13868659 0.13870875
 0.1444674  0.13870921 0.01614057 0.1389651  0.13871897 0.13869339
 0.13867625 0.13869707 0.13870816 0.13868598 0.13868697 0.13868706]",0.0
mixture_25,GASolver,0.13537375973336357,0.039879160447221826,"[0.15078114 0.14181562 0.14854466 0.15627729 0.14265064 0.15748554
 0.14575636 0.14689225 0.16290972 0.14164007 0.16344691 0.14900855
 0.14259119 0.15653289 0.16100597 0.03754566 0.14488089 0.02996415
 0.14323196 0.16216279 0.14182908 0.02948417 0.14376899 0.14240233
 0.15619109 0.14605902 0.1731443  0.14339639 0.15296605 0.04684713]",0.0
mixture_26,HMSSolver,0.010127858078352741,0.010588630528564758,"[0.00389233 0.00253237 0.02149351 0.02158517 0.02145851 0.00254053
 0.00253668 0.00298586 0.00253399 0.04477975 0.01519661 0.00272372
 0.00303016 0.02157599 0.01527325 0.00334108 0.01040278 0.00258782
 0.00253251 0.00498709 0.01538181 0.00289161 0.00254953 0.0220563
 0.003861   0.00256037 0.0050289  0.00259666 0.03259186 0.006328  ]",0.0
mixture_26,iLSHADESolver,0.005054623223119797,0.006430430813107683,"[0.00253211 0.00253214 0.00253221 0.00253213 0.00253279 0.00252203
 0.02145751 0.00253217 0.00253239 0.02144655 0.00253334 0.0214463
 0.00252189 0.00253229 0.00253242 0.00253236 0.00253256 0.00253255
 0.00253205 0.00253241 0.00253227 0.00253232 0.00255355 0.00253273
 0.00253259 0.0214459  0.00253212 0.00253248 0.00253246 0.00253208]",0.0
mixture_26,GASolver,0.03711666615574493,0.01887748738856393,"[0.00551307 0.05388715 0.05869836 0.00663502 0.03416823 0.04864961
 0.0259884  0.05481763 0.04916544 0.01958839 0.03517453 0.01687644
 0.04257962 0.03775371 0.04269482 0.00912172 0.0052046  0.04029796
 0.05457894 0.07067925 0.0305917  0.00655533 0.05838128 0.03670133
 0.0454762  0.0506083  0.01083849 0.05858966 0.05176386 0.05192094]",0.0
mixture_27,HMSSolver,0.050672132338940704,0.0322506172308286,"[0.07046032 0.00570625 0.07246916 0.0716357  0.10285825 0.07047298
 0.07137247 0.00570372 0.07006288 0.00570918 0.07041539 0.07584116
 0.07038456 0.00567303 0.00568593 0.00552194 0.07202633 0.0699049
 0.07180081 0.07042755 0.0055342  0.07129387 0.00571028 0.07156185
 0.00701159 0.07219485 0.07553589 0.06990517 0.07167094 0.00561281]",0.0
mixture_27,iLSHADESolver,0.0699221236816815,9.352108970138268e-05,"[0.0699052  0.06990501 0.06990425 0.06990436 0.06990422 0.06990505
 0.06990452 0.0699044  0.06990442 0.06990458 0.06990445 0.06990423
 0.06990409 0.06990532 0.06990592 0.06990467 0.07042574 0.06990417
 0.06990436 0.06990509 0.06990424 0.06990417 0.06990503 0.06990763
 0.06990565 0.06990467 0.06990437 0.06990465 0.06990482 0.06990444]",0.0
mixture_27,GASolver,0.07562340041006613,0.006580670075339189,"[0.07244387 0.07287828 0.10899235 0.07249475 0.07328871 0.07347267
 0.07591281 0.07724876 0.07398003 0.07141306 0.07511051 0.07588788
 0.07301505 0.07197268 0.07733815 0.07213475 0.07449023 0.07217426
 0.07586165 0.07411003 0.07449053 0.07351627 0.07545606 0.07410419
 0.07454198 0.07570965 0.07189231 0.07384115 0.07987567 0.0810537 ]",0.0
mixture_28,HMSSolver,0.03777691712105259,0.021939750402461614,"[0.02905517 0.03199868 0.00930225 0.06770843 0.0758876  0.03222453
 0.03198971 0.07314062 0.0330416  0.03201532 0.02288741 0.05598536
 0.03354532 0.01106396 0.07564794 0.04980516 0.03538079 0.03209143
 0.0089659  0.02023161 0.00897155 0.03301303 0.07018607 0.01077771
 0.03246561 0.07321659 0.03304571 0.06871955 0.00891427 0.03202868]",0.0
mixture_28,iLSHADESolver,0.011937880027606419,0.007865358539317573,"[0.00891243 0.00885872 0.00878416 0.00890507 0.00892664 0.00887415
 0.00892641 0.00887532 0.00873898 0.00891682 0.03200038 0.00892914
 0.03198831 0.00874247 0.00883192 0.00891419 0.00891131 0.00891457
 0.0319836  0.03198736 0.0089413  0.00891642 0.00875797 0.00878511
 0.00873626 0.00890815 0.0089049  0.00875064 0.008764   0.0087497 ]",0.0
mixture_28,GASolver,0.03807409479136734,0.016192090548783476,"[0.02613988 0.04004987 0.0373698  0.06813185 0.02410374 0.03569267
 0.02337492 0.07216029 0.03467431 0.03585992 0.03615328 0.03867587
 0.04402423 0.03677238 0.09111059 0.03900462 0.01877602 0.03687877
 0.05417128 0.02705889 0.03606689 0.02578781 0.03775568 0.04093465
 0.02372238 0.05550713 0.03855525 0.02811378 0.01497195 0.02062415]",0.0
mixture_29,HMSSolver,0.055818463536164244,0.040441841868484076,"[0.07731673 0.07653873 0.08171388 0.00323012 0.16957976 0.00323563
 0.07649829 0.00676085 0.07654319 0.09083179 0.07407491 0.08974766
 0.00472085 0.0784684  0.00396267 0.07649847 0.02751797 0.00329907
 0.00324359 0.07669422 0.07650081 0.02266217 0.08276864 0.00323304
 0.07753492 0.07648531 0.07691304 0.07825516 0.00323494 0.07648909]",0.0
mixture_29,iLSHADESolver,0.06818995754868622,0.021930652019577463,"[0.07348469 0.07586152 0.07648578 0.07648503 0.07586188 0.07648558
 0.00323288 0.07348735 0.0764861  0.07648599 0.07586135 0.00323538
 0.07648545 0.0764852  0.07648563 0.05711357 0.07648585 0.07586054
 0.07648545 0.07648612 0.07586265 0.0764863  0.00323279 0.07648582
 0.07648618 0.07586194 0.076486   0.07648518 0.07648509 0.07648543]",0.0
mixture_29,GASolver,0.11687271732806408,0.04026305661420388,"[0.09979754 0.10726371 0.09939326 0.25230504 0.10165735 0.08439099
 0.10231657 0.09525004 0.08529047 0.20572512 0.08541618 0.08553641
 0.16657144 0.08351363 0.11884148 0.08044593 0.15966826 0.10290412
 0.15075405 0.10240895 0.09258611 0.1174837  0.1588512  0.10571892
 0.17512855 0.09275633 0.09224417 0.1053616  0.11553398 0.08106641]",0.0
mixture_30,HMSSolver,0.06034417499397809,0.16431340886691545,"[0.00425178 0.00425627 0.00425609 0.00425265 0.00425229 0.00425088
 0.00431568 0.02092311 0.00426873 0.0042524  0.55005919 0.02261
 0.00425057 0.00425367 0.00425164 0.00425149 0.00425705 0.00425106
 0.00425048 0.00426272 0.55963165 0.00499393 0.00425081 0.00425621
 0.00445183 0.00428666 0.54958608 0.00432129 0.00425139 0.00431765]",0.0
mixture_30,iLSHADESolver,0.004250990303041535,7.489734682768219e-07,"[0.00425082 0.00425065 0.00425371 0.0042523  0.00425054 0.00425088
 0.00425088 0.00425091 0.00425142 0.00425096 0.00425147 0.00425068
 0.00425045 0.00425059 0.00425049 0.00425066 0.00425218 0.00425065
 0.0042505  0.00425065 0.00425037 0.00425175 0.00425066 0.00425037
 0.00425057 0.00425226 0.00425042 0.00425091 0.00425062 0.00425038]",0.0
mixture_30,GASolver,0.1742372713195036,0.296542263549059,"[0.00776603 0.0104374  0.01175041 0.05322564 0.00804543 0.0094982
 0.01368973 0.7024816  0.00973305 0.76616419 0.00760939 0.00792585
 0.00839396 0.00757848 0.00703391 0.0069069  0.55534025 0.00918028
 0.75265923 0.00937238 0.02700327 0.00903014 0.68720124 0.00692994
 0.00780529 0.75458039 0.00557346 0.01668195 0.73923029 0.00828986]",0.0
mixture_31,HMSSolver,0.050333408118114396,0.03698358093226294,"[0.03256153 0.09088143 0.00414864 0.06330137 0.00416712 0.03554741
 0.07220582 0.07907257 0.00717051 0.02320926 0.02336738 0.09401999
 0.03373047 0.00623753 0.12296959 0.06142383 0.00413401 0.08228756
 0.08879093 0.02426789 0.02518211 0.0235586  0.10608064 0.07683078
 0.09371877 0.02272198 0.00821273 0.11882833 0.05641624 0.02495722]",0.0
mixture_31,iLSHADESolver,0.016917698692845873,0.030981437483637287,"[0.06373427 0.00417779 0.00407708 0.0041737  0.0040878  0.00417729
 0.00418673 0.00417404 0.00417307 0.00414938 0.00412243 0.09151175
 0.00417447 0.00417516 0.00409888 0.00430717 0.00411472 0.004173
 0.00417451 0.00411655 0.05645859 0.13467466 0.00514288 0.00417324
 0.00417363 0.00417613 0.05639576 0.00402782 0.00411341 0.00411504]",0.0
mixture_31,GASolver,0.09834422512069474,0.05107550405248001,"[0.06480329 0.03744801 0.02729243 0.14276306 0.12605417 0.13304487
 0.09186234 0.03281934 0.02967302 0.0725752  0.12832948 0.14881267
 0.03956522 0.20860711 0.14979508 0.13896529 0.14421065 0.15216634
 0.16537548 0.15468123 0.06377568 0.05175084 0.08355796 0.15451028
 0.05118205 0.08603725 0.12466752 0.03466789 0.08005915 0.03127385]",0.0
mixture_32,HMSSolver,0.005323467443454671,0.004894985099990261,"[0.01889978 0.01851814 0.01073385 0.00345494 0.00042205 0.0022603
 0.00442168 0.00401432 0.00399763 0.01225936 0.00455737 0.00292602
 0.00042234 0.00042205 0.00042205 0.00042214 0.00343233 0.0124811
 0.00345728 0.00399762 0.00276678 0.00442223 0.00042205 0.00657328
 0.00499451 0.00401594 0.00253403 0.01114019 0.00447648 0.00683622]",0.0
mixture_32,iLSHADESolver,0.005379991296876423,0.006494200590862761,"[0.00042205 0.00441965 0.00042205 0.01718437 0.00042213 0.00441959
 0.00042205 0.01180109 0.00042205 0.01180096 0.00042205 0.0044196
 0.01752235 0.00042205 0.01880763 0.0044196  0.00042205 0.01720672
 0.01180302 0.00042215 0.00042205 0.00441959 0.00042205 0.00042213
 0.00042205 0.00441962 0.01800535 0.00042205 0.00042205 0.00441963]",0.0
mixture_32,GASolver,0.008354740101891113,0.0032313516485614406,"[0.00741879 0.00783701 0.00798829 0.01073662 0.00670621 0.00913918
 0.00767342 0.00472997 0.01059569 0.00640514 0.00661151 0.01272959
 0.00696171 0.00114507 0.0040257  0.00931686 0.00790996 0.01152654
 0.00613523 0.01757753 0.01392263 0.01257147 0.0075022  0.00714351
 0.0104097  0.00559938 0.00758083 0.00707545 0.00475456 0.01091247]",0.0
mixture_33,HMSSolver,0.597318083528725,0.373884073793662,"[0.25414987 0.00404991 0.88924144 0.88967222 0.89208484 0.65558472
 0.6257554  0.89183717 0.00404802 0.11744744 0.69959461 0.00404502
 0.88922542 0.00482774 0.00463846 0.01162443 0.88952522 0.89166541
 0.64218993 0.88260039 0.89033178 0.00413317 0.88990435 0.88957419
 0.64233462 0.88924138 0.88923635 0.88926693 0.90171589 0.88999618]",0.0
mixture_33,iLSHADESolver,0.8487378541838881,0.09063359425889014,"[0.8892414  0.88924136 0.88922669 0.64221312 0.88924211 0.88924383
 0.88922644 0.88924136 0.88924135 0.88922585 0.88924347 0.88924146
 0.88922616 0.88924136 0.66225967 0.88922608 0.88924134 0.88924143
 0.64218821 0.64218824 0.88940148 0.88924141 0.88922651 0.88923011
 0.88924135 0.88924139 0.88924158 0.64218812 0.88924139 0.88924137]",0.0
mixture_33,GASolver,0.7892083837821281,0.2764185845488481,"[0.64757732 0.89576513 0.89657061 1.06305589 0.89607218 0.89318993
 0.89100055 0.90520931 0.89252393 0.65381401 0.89354635 0.9553968
 0.89534455 0.9042952  0.65039686 0.66384209 0.8928833  0.01283665
 0.01210439 0.89937206 0.92633538 0.89995448 0.8944577  0.8943765
 0.90086883 0.99419486 0.89448538 0.005893   0.95875918 0.8921291 ]",0.0
mixture_34,HMSSolver,0.01327411248659409,0.01284649544655888,"[0.02707286 0.00099851 0.00101587 0.02698107 0.00098194 0.01423926
 0.00672556 0.01040764 0.00100649 0.0038781  0.02730464 0.02708231
 0.02775386 0.00099519 0.00112308 0.0009441  0.00384289 0.00122622
 0.02855516 0.03128298 0.03723289 0.00294056 0.0280792  0.01429427
 0.00384657 0.00387103 0.03069145 0.03122464 0.00161535 0.00100971]",0.0
mixture_34,iLSHADESolver,0.01989148171483272,0.011872951544619212,"[0.02699061 0.02698464 0.00094357 0.00094359 0.02698877 0.0272789
 0.02731158 0.0269885  0.02698563 0.0269872  0.02698379 0.02698393
 0.00099154 0.02698887 0.02698619 0.02699058 0.01210507 0.00094365
 0.00094621 0.02699278 0.02698046 0.02698201 0.00094435 0.00094412
 0.02698003 0.02698045 0.03670122 0.02698301 0.02698961 0.00094361]",0.0
mixture_34,GASolver,0.026700786549514754,0.017231410557712212,"[0.04641772 0.00206171 0.01457347 0.04708401 0.00621919 0.04022974
 0.05036749 0.0344077  0.0064214  0.00336718 0.03904005 0.00237236
 0.01663722 0.04815724 0.004557   0.03354972 0.0476785  0.04276813
 0.03172421 0.00773383 0.03120333 0.04314243 0.04354853 0.02809428
 0.03443211 0.03020752 0.04506828 0.00266663 0.0047817  0.01251091]",0.0
mixture_35,HMSSolver,0.006870395301048604,0.009485212346433082,"[0.0119042  0.03543019 0.00121588 0.00139032 0.02207985 0.00122965
 0.00157272 0.00121869 0.01566421 0.0133628  0.02843683 0.00124406
 0.02732564 0.00133523 0.01246577 0.00167896 0.00321058 0.00127138
 0.00123503 0.00127002 0.0017493  0.00138461 0.00121986 0.00125155
 0.00598262 0.00121445 0.00155542 0.00183762 0.00308544 0.00228898]",0.0
mixture_35,iLSHADESolver,0.001215234339679355,1.771005199733779e-06,"[0.00121603 0.0012168  0.00121516 0.00121448 0.00121558 0.00121412
 0.001214   0.00121424 0.00121493 0.00121775 0.00121379 0.00121377
 0.00121389 0.00121399 0.0012159  0.00121471 0.00121403 0.00121471
 0.00121436 0.00121398 0.0012142  0.00121407 0.00122094 0.00121466
 0.00122013 0.00121391 0.00121403 0.00121621 0.00121532 0.00121734]",0.0
mixture_35,GASolver,0.016067901460425436,0.017571791616367603,"[0.00700229 0.01457951 0.01180498 0.00827107 0.01176662 0.01037962
 0.00862347 0.07342399 0.00660265 0.00512832 0.00807757 0.00617898
 0.00656979 0.00840433 0.01059776 0.00741004 0.01010326 0.08083471
 0.01683916 0.0206731  0.00959621 0.02521463 0.00737402 0.01714214
 0.0139749  0.00926251 0.00434728 0.03627649 0.01460358 0.01097407]",0.0
mixture_36,HMSSolver,0.006953145343795668,0.004660186908684488,"[0.01321142 0.00434687 0.00325393 0.00333277 0.01269357 0.00330611
 0.01368639 0.00667893 0.00454947 0.00937542 0.0040997  0.01795979
 0.00344825 0.0061917  0.00879815 0.00605493 0.0064011  0.00795013
 0.02146242 0.00420604 0.01157742 0.00667009 0.00341812 0.00417976
 0.00336622 0.00332635 0.00472759 0.00368955 0.00331201 0.00332016]",0.0
mixture_36,iLSHADESolver,0.0032316842821707337,2.4062791593881316e-05,"[0.00323168 0.00322982 0.00323745 0.00323071 0.00319936 0.00322286
 0.00327043 0.00323291 0.00323352 0.00323249 0.00323416 0.00319599
 0.00323236 0.00323105 0.00323591 0.00320126 0.00323215 0.00323036
 0.00323581 0.00323272 0.00323226 0.00327225 0.00323133 0.00323307
 0.00317567 0.00319813 0.00323105 0.00331095 0.00323526 0.00324753]",0.0
mixture_36,GASolver,0.014225340904468935,0.006308583114696229,"[0.00548029 0.01455436 0.01020715 0.02221279 0.00998862 0.00719056
 0.03005592 0.02654241 0.00668883 0.01064708 0.01982968 0.02548586
 0.00934947 0.01065267 0.00785273 0.00943865 0.01199228 0.0105791
 0.01627389 0.02321772 0.01289157 0.01912329 0.01629092 0.00920126
 0.01516705 0.00703112 0.01834492 0.01156298 0.01297617 0.01593089]",0.0
mixture_37,HMSSolver,0.00038341188305069973,0.0001079756965585385,"[0.0003157  0.00033072 0.00037267 0.00033776 0.00045963 0.00031734
 0.0003454  0.0003375  0.00032037 0.00050357 0.00038111 0.00032267
 0.00035368 0.0003455  0.00040718 0.00081662 0.00033148 0.00033434
 0.00056638 0.00061462 0.00034398 0.00034053 0.00034407 0.00033416
 0.00035322 0.00033531 0.00031667 0.00031502 0.00034384 0.00036132]",0.0
mixture_37,iLSHADESolver,0.0003154023437874135,1.0054646032071887e-06,"[0.0003153  0.00031447 0.00031975 0.00031569 0.00031502 0.00031476
 0.00031574 0.00031488 0.00031495 0.00031512 0.00031497 0.00031453
 0.00031477 0.00031508 0.0003152  0.00031615 0.00031427 0.00031602
 0.00031474 0.00031536 0.00031486 0.00031575 0.00031567 0.00031642
 0.00031559 0.00031472 0.0003151  0.00031703 0.00031529 0.00031488]",0.0
mixture_37,GASolver,0.01816478288297659,0.0061697580503772935,"[0.02395269 0.02325154 0.02193374 0.0228353  0.01690689 0.02296553
 0.02979565 0.01181479 0.01031388 0.02170136 0.01043459 0.01713442
 0.02539281 0.02463184 0.01509018 0.02412365 0.00744516 0.00615296
 0.01518458 0.01339799 0.01932437 0.02490026 0.01533638 0.02006229
 0.02487612 0.01033056 0.00812179 0.01637421 0.02132503 0.01983295]",0.0
mixture_38,HMSSolver,0.01971249556191326,0.05549893301319859,"[0.0025645  0.00267396 0.00265428 0.0027866  0.00551607 0.00267507
 0.14574563 0.00272142 0.00267356 0.00272392 0.00385782 0.00268469
 0.28191411 0.00558344 0.00598187 0.00345375 0.0511247  0.00273036
 0.00598383 0.00556962 0.00267573 0.00573618 0.00282305 0.00296418
 0.00275503 0.01861968 0.00297889 0.00558458 0.00267387 0.00294444]",0.0
mixture_38,iLSHADESolver,0.0026388084693769174,6.0216828869686246e-05,"[0.00252997 0.00267353 0.00267353 0.00267353 0.00267353 0.00253186
 0.0025303  0.00267353 0.00252998 0.00267353 0.00267353 0.00267353
 0.00267353 0.00252959 0.00267502 0.00267373 0.00252933 0.00267353
 0.00267353 0.00267353 0.00267353 0.00267353 0.00253276 0.00267353
 0.00267375 0.00267353 0.00267353 0.00267353 0.00263089 0.00267353]",0.0
mixture_38,GASolver,0.031431617487057154,0.04986532915693603,"[0.0559434  0.28602035 0.00935953 0.02535341 0.00927567 0.01714403
 0.01505807 0.01605167 0.00714592 0.00704961 0.02361477 0.01705279
 0.02220279 0.0174217  0.02809037 0.00766383 0.01625743 0.01891176
 0.02769441 0.00874181 0.01858481 0.05109927 0.00787157 0.01556692
 0.02863557 0.03181595 0.03785686 0.01809875 0.08070005 0.01666545]",0.0
mixture_39,HMSSolver,0.0032812229419039943,0.003486088307636862,"[0.00249563 0.00346077 0.00230337 0.00232535 0.00230872 0.00248273
 0.00259522 0.0023011  0.00230684 0.00231958 0.00232266 0.00230724
 0.00278662 0.00239858 0.00391171 0.0023866  0.0023114  0.00243789
 0.00229979 0.00674722 0.00259914 0.0023668  0.00240002 0.00231887
 0.00245616 0.00294779 0.00228891 0.02150287 0.00240782 0.00233926]",0.0
mixture_39,iLSHADESolver,0.00227281405024529,5.650868099892096e-06,"[0.00226735 0.00227205 0.00227928 0.00227902 0.00226778 0.00226826
 0.0022794  0.00226793 0.00227344 0.00228177 0.00227402 0.00227892
 0.00227573 0.00226681 0.00226714 0.00226756 0.00226833 0.0022738
 0.0022741  0.00226964 0.00227391 0.0022743  0.00226695 0.00226726
 0.0022867  0.00228412 0.00226871 0.00226742 0.00226701 0.00227572]",0.0
mixture_39,GASolver,0.004448482321728038,0.0017530824352677177,"[0.00696402 0.00406713 0.00274366 0.01064902 0.00249343 0.00340311
 0.00404425 0.00363852 0.00315253 0.0041582  0.00388858 0.00359478
 0.0053216  0.00325581 0.0031763  0.00431305 0.00542211 0.00412253
 0.00421135 0.00791727 0.00732703 0.00314742 0.00306639 0.00382706
 0.00327689 0.00579075 0.00410409 0.00271468 0.00482996 0.00483293]",0.0
mixture_40,HMSSolver,0.04586270577349814,0.06264568600019921,"[0.00472144 0.00896007 0.00085788 0.00067437 0.01099593 0.0006726
 0.00633401 0.00701183 0.13886568 0.14934511 0.00078705 0.15082891
 0.1471271  0.01908081 0.00796196 0.08280006 0.01260823 0.00068374
 0.00653647 0.14648889 0.00329917 0.00923553 0.00162047 0.1477129
 0.0006788  0.00067501 0.01278883 0.00154299 0.14712651 0.14785884]",0.0
mixture_40,iLSHADESolver,0.07737153073178422,0.06986278740560459,"[0.00440312 0.00308718 0.14216681 0.14216635 0.14216728 0.00067486
 0.15068406 0.00067544 0.14216734 0.14216774 0.00101387 0.00067262
 0.14216715 0.1421667  0.14212008 0.14216724 0.14211266 0.00419294
 0.14216702 0.14216693 0.14216656 0.00445327 0.00224818 0.0006735
 0.00441092 0.14212319 0.00067634 0.14216712 0.00897884 0.00194061]",0.0
mixture_40,GASolver,0.13982403873757202,0.05799924036246843,"[0.01101166 0.15554285 0.16946134 0.17104241 0.15670906 0.17039951
 0.15170048 0.15809813 0.04777265 0.1613305  0.00512143 0.17056525
 0.13339967 0.15488767 0.1805401  0.17210574 0.178823   0.14994298
 0.15029131 0.16937819 0.16536265 0.13834214 0.15548791 0.00970919
 0.16446927 0.18641154 0.16191859 0.22946894 0.00763193 0.15779506]",0.0
mixture_41,HMSSolver,0.021058562892376214,0.03627402005156926,"[0.0178694  0.09452242 0.00954814 0.09327844 0.00144799 0.00110281
 0.00113074 0.00138285 0.09316139 0.00274229 0.00129727 0.01092108
 0.00240721 0.00131658 0.00131416 0.08952562 0.00159703 0.0015452
 0.00149374 0.00338318 0.00111854 0.09456154 0.00112251 0.09440463
 0.00111599 0.00123541 0.00120892 0.00128331 0.00331309 0.00140542]",0.0
mixture_41,iLSHADESolver,0.0011034421047026834,3.9846632682678245e-05,"[0.00109249 0.00109636 0.00109253 0.00109305 0.00109248 0.00109397
 0.00109312 0.00109509 0.00109343 0.00109789 0.00130882 0.00115357
 0.0010926  0.00109399 0.00111748 0.00109429 0.00109465 0.00109252
 0.00109262 0.0010925  0.0010939  0.00109272 0.00109206 0.00109434
 0.00109231 0.00109222 0.00109233 0.00109477 0.00109285 0.00109233]",0.0
mixture_41,GASolver,0.025527084751726378,0.02692560512137862,"[0.00323923 0.01985514 0.03012565 0.0235095  0.01136858 0.00873353
 0.01527161 0.01361904 0.10069136 0.015726   0.01025949 0.02643989
 0.02343094 0.02218215 0.0115462  0.00621293 0.01156839 0.02658434
 0.01108368 0.08746806 0.08863026 0.01071398 0.01267963 0.09145734
 0.01922601 0.01827061 0.01668363 0.01236991 0.01156598 0.00529948]",0.0
mixture_42,HMSSolver,0.006715998108186433,0.010304563205039549,"[0.01880376 0.00054297 0.00054621 0.00059058 0.00056199 0.00055121
 0.000545   0.00056642 0.00053872 0.0213504  0.00053522 0.00101096
 0.00058277 0.00056936 0.00056554 0.00061637 0.02141898 0.00053811
 0.00079144 0.00055783 0.02172666 0.02139606 0.00054881 0.00145818
 0.01610344 0.01875142 0.00513208 0.00056302 0.04105442 0.00296202]",0.0
mixture_42,iLSHADESolver,0.000540305652344094,1.921812551735914e-05,"[0.00053587 0.00055481 0.00053115 0.0005319  0.00053908 0.00053335
 0.00054626 0.00053153 0.00053528 0.00063962 0.00054185 0.00054352
 0.00053197 0.0005401  0.00053765 0.00054211 0.00053479 0.00053494
 0.00053085 0.00053581 0.00053788 0.00053028 0.00053271 0.00053756
 0.00053044 0.0005433  0.00053161 0.00053984 0.00053736 0.00053577]",0.0
mixture_42,GASolver,0.03500949119615416,0.016627340706994002,"[0.02248775 0.02369153 0.02348977 0.03679445 0.0261364  0.0261161
 0.02222796 0.03502301 0.07781648 0.05010057 0.02402567 0.02519982
 0.02301234 0.02581079 0.02324272 0.02743642 0.02850185 0.0298336
 0.02675986 0.0271351  0.02840987 0.02496422 0.02633463 0.07391366
 0.0257854  0.07271105 0.02983702 0.0667193  0.05167944 0.04508796]",0.0
mixture_43,HMSSolver,0.0014808538771985348,0.0009876392397425075,"[9.45830500e-04 0.00000000e+00 2.22900803e-03 2.22892589e-03
 2.22901340e-03 2.23588887e-03 3.16095916e-04 1.50447379e-03
 2.22909811e-03 0.00000000e+00 0.00000000e+00 2.22906659e-03
 2.22892506e-03 0.00000000e+00 2.22923148e-03 2.22634202e-03
 0.00000000e+00 0.00000000e+00 2.22882856e-03 2.26073077e-03
 3.23694408e-05 2.24937256e-03 2.19664095e-03 1.18181475e-05
 2.27512275e-03 2.24415854e-03 2.22075105e-03 1.41213901e-03
 2.22896082e-03 2.23282405e-03]",0.2
mixture_43,iLSHADESolver,0.001580909562598714,0.0022165965051253113,"[0.         0.00509259 0.         0.00509237 0.         0.00509259
 0.         0.         0.         0.00222898 0.00509274 0.
 0.00509238 0.         0.         0.         0.00509216 0.00509242
 0.         0.         0.00509314 0.         0.         0.00222892
 0.         0.         0.002229   0.         0.         0.        ]",0.6333333333333333
mixture_43,GASolver,0.006994132315553233,0.00443816757486482,"[0.00282591 0.00416803 0.00354483 0.01103048 0.01174334 0.01080158
 0.003303   0.01379966 0.00265221 0.01439006 0.00754718 0.00476456
 0.00506626 0.00338049 0.00616402 0.01094016 0.00468949 0.00483787
 0.00672362 0.00176827 0.01458239 0.0011431  0.01507923 0.0057948
 0.00251762 0.00992751 0.00404018 0.00387259 0.00327129 0.01545425]",0.0
mixture_44,HMSSolver,0.0019414871261506173,0.0006871779257505427,"[0.00169964 0.00199107 0.00171935 0.00198486 0.00167973 0.00170142
 0.00178688 0.00170544 0.00167707 0.00537887 0.00178057 0.00176733
 0.00175822 0.00168348 0.00165698 0.00191384 0.00171105 0.00184792
 0.0023196  0.00177341 0.00177921 0.00175329 0.00173607 0.00174147
 0.00180942 0.00192173 0.00167534 0.00298592 0.00162482 0.00168063]",0.0
mixture_44,iLSHADESolver,0.0016646398975774114,2.7588642123440172e-05,"[0.00167203 0.00174098 0.00166838 0.00167173 0.00167248 0.0016254
 0.0016721  0.00163107 0.00162262 0.00167312 0.00162306 0.00167267
 0.00164276 0.00167413 0.00167167 0.00167169 0.00167212 0.00163536
 0.00166899 0.00167522 0.00167294 0.00163726 0.00165024 0.00167199
 0.00166765 0.001675   0.00167385 0.00166793 0.00162391 0.00174087]",0.0
mixture_44,GASolver,0.016681516473005257,0.016183626058338722,"[0.00399673 0.01297103 0.01484803 0.00921998 0.03626405 0.00334015
 0.07710971 0.05597962 0.00422367 0.01852048 0.04118955 0.00976914
 0.02058207 0.01188627 0.01262813 0.00829028 0.01699677 0.01240062
 0.01033575 0.00946673 0.01069346 0.00683136 0.02606094 0.00447487
 0.01819322 0.01329224 0.00451196 0.01695231 0.0031456  0.0062708 ]",0.0
mixture_45,HMSSolver,0.09000595996159548,0.09362008324498934,"[0.19015505 0.00206407 0.18992006 0.0022292  0.19011949 0.00208175
 0.19013807 0.18987985 0.1899115  0.19006185 0.00206134 0.19074935
 0.18984407 0.19066283 0.19034941 0.00212212 0.0021107  0.00206725
 0.00206021 0.00208593 0.18985057 0.18977541 0.00209169 0.00206756
 0.0037982  0.18979911 0.00207779 0.00211955 0.00206636 0.00585848]",0.0
mixture_45,iLSHADESolver,0.1897715614029393,8.519613057824589e-05,"[0.18973481 0.18975942 0.19018375 0.18973968 0.18973295 0.18973591
 0.18974311 0.18974885 0.18975838 0.18974425 0.18974382 0.18974786
 0.18974239 0.18975211 0.18974805 0.18976721 0.18974364 0.18974668
 0.18973511 0.18975059 0.18974884 0.18975139 0.1897359  0.18974047
 0.1897345  0.1898712  0.18974226 0.18986751 0.18973447 0.18986173]",0.0
mixture_45,GASolver,0.2000031799558877,0.02373560267850477,"[0.21866934 0.20331255 0.13846391 0.21578076 0.09790916 0.20575341
 0.20255381 0.20870703 0.21109144 0.21864349 0.22053718 0.20848723
 0.20054311 0.20542179 0.19550715 0.21386143 0.19309635 0.20143146
 0.19355019 0.21471172 0.21321168 0.20287757 0.20758948 0.19456303
 0.20037567 0.20368683 0.21244463 0.19748017 0.20204118 0.19779265]",0.0
mixture_46,HMSSolver,0.007203124231197485,0.011752147841184387,"[0.03850895 0.0002822  0.00022685 0.00268243 0.00022372 0.00025645
 0.00024931 0.00100808 0.00033131 0.00021193 0.00397983 0.0002924
 0.00020317 0.03351628 0.00029939 0.00024781 0.00019915 0.00111246
 0.00018983 0.00043334 0.00135687 0.0010069  0.02894652 0.00626343
 0.00017639 0.02433511 0.02258384 0.02624829 0.00083555 0.0198859 ]",0.0
mixture_46,iLSHADESolver,0.0009540606932523567,0.004082797996300404,"[0.00018913 0.00019064 0.00018477 0.00019056 0.00018323 0.00018672
 0.00019166 0.00019092 0.00020111 0.00020301 0.00020652 0.00019147
 0.00019093 0.00019083 0.0002185  0.00019427 0.00019054 0.00019114
 0.00019756 0.02294041 0.00027755 0.00018066 0.00018428 0.00019079
 0.00019185 0.00019749 0.00019057 0.00019111 0.00019118 0.00020242]",0.0
mixture_46,GASolver,0.05152119611314829,0.03976900154875717,"[0.05666408 0.03078403 0.01927932 0.08044118 0.07785387 0.03109697
 0.01723463 0.03357859 0.02253254 0.02585377 0.04073906 0.0404094
 0.02945722 0.00450882 0.02868376 0.03052435 0.16000934 0.0273209
 0.04282361 0.07056398 0.05814258 0.15974535 0.03122867 0.14797704
 0.08338297 0.05686637 0.03058043 0.02386507 0.05596949 0.02751848]",0.0
mixture_47,HMSSolver,0.00468553977633972,0.00022816722488513296,"[0.00451482 0.00452614 0.00473432 0.00462577 0.00451497 0.00449535
 0.0047013  0.0046729  0.00457961 0.00477111 0.00468181 0.00461979
 0.00483891 0.00451785 0.0045111  0.0046345  0.00463247 0.00460284
 0.00461366 0.00468548 0.00460717 0.00548342 0.0049217  0.00469026
 0.00466087 0.00462881 0.00453942 0.0046297  0.00450131 0.00542882]",0.0
mixture_47,iLSHADESolver,0.004495942523451831,2.4013225504311267e-06,"[0.00449505 0.00449317 0.00450704 0.00449575 0.00449571 0.0044952
 0.00449476 0.00449435 0.00449643 0.00449513 0.00449504 0.00449582
 0.00449531 0.00450011 0.0044954  0.00449637 0.00449534 0.00449711
 0.00449553 0.00449506 0.00449473 0.00449433 0.00449742 0.00449454
 0.00449472 0.00449546 0.00449527 0.00449534 0.00449515 0.00449764]",0.0
mixture_47,GASolver,0.013201874779461682,0.005547937925620184,"[0.01810021 0.02129347 0.02253294 0.01197615 0.0269381  0.00840285
 0.00836324 0.01304569 0.01542369 0.01136143 0.00689412 0.01065941
 0.00841604 0.01165654 0.0074322  0.01372178 0.01918218 0.01675028
 0.015542   0.00627279 0.01049282 0.02773247 0.01083382 0.01012123
 0.00889244 0.01023695 0.00817282 0.01191836 0.01054706 0.01314318]",0.0
mixture_48,HMSSolver,0.042456326414349696,0.03447997494478116,"[0.00997995 0.01246643 0.08274301 0.08046087 0.08503553 0.01245391
 0.01393078 0.01283114 0.01203346 0.01095878 0.02339922 0.01234633
 0.01662551 0.01002129 0.08283522 0.08255576 0.08116279 0.01032769
 0.08189454 0.08127806 0.07993406 0.01043688 0.08040971 0.08070044
 0.01025852 0.08239319 0.00997139 0.08167205 0.0120774  0.01049587]",0.0
mixture_48,iLSHADESolver,0.08031271984865124,6.416216626673905e-05,"[0.08035554 0.08017235 0.08017697 0.08031107 0.08035914 0.0803102
 0.08016513 0.08022632 0.08031928 0.08030688 0.08030637 0.08031993
 0.08039505 0.08032499 0.08033877 0.08017607 0.08035913 0.08036
 0.08036807 0.08033623 0.08030719 0.08038477 0.08030657 0.08037389
 0.08033174 0.08038529 0.08030859 0.08032041 0.08036701 0.08030866]",0.0
mixture_48,GASolver,0.053674200027331906,0.03568879906458761,"[0.04032474 0.08420011 0.08866934 0.06125405 0.01636714 0.02587469
 0.01625628 0.01728509 0.04463522 0.0266423  0.02162396 0.03873226
 0.04096573 0.0879427  0.0840467  0.01539536 0.02431756 0.0907876
 0.13267294 0.01297756 0.12640336 0.09761606 0.08967349 0.0164761
 0.02388802 0.08349128 0.02615969 0.05559968 0.02468563 0.09526135]",0.0
mixture_49,HMSSolver,0.14090181158947157,0.07098043181421962,"[0.17641247 0.17873322 0.17988399 0.00300949 0.17813619 0.00312454
 0.17644408 0.18502177 0.08539375 0.17741582 0.17643842 0.1785383
 0.17691967 0.17947734 0.00299219 0.17659103 0.19418258 0.17640324
 0.00298017 0.17641344 0.00314359 0.17834088 0.17831716 0.1792333
 0.17809399 0.17664513 0.17749669 0.1764378  0.19094314 0.00389096]",0.0
mixture_49,iLSHADESolver,0.17658052970312188,0.000539231919095218,"[0.17637084 0.1763663  0.17636745 0.17636593 0.17636807 0.17638888
 0.17636599 0.17636678 0.17636461 0.1779558  0.17636483 0.17636456
 0.1763737  0.1763711  0.17795551 0.17636791 0.17636805 0.17637559
 0.17636817 0.17636576 0.17636876 0.17636793 0.17795475 0.1763661
 0.17636671 0.17637376 0.17637418 0.17636566 0.17636725 0.17795496]",0.0
mixture_49,GASolver,0.18336694367477024,0.002987482966690873,"[0.17913903 0.18648338 0.1804835  0.18267649 0.18093755 0.18716885
 0.18571711 0.18193235 0.1827121  0.18289991 0.18360697 0.18073341
 0.17977987 0.18301475 0.18172644 0.19423823 0.1865481  0.18033961
 0.18553715 0.18520808 0.1860914  0.18346113 0.18471048 0.18405644
 0.18196152 0.18200587 0.18300757 0.17959351 0.18095792 0.18427959]",0.0
